<macro name="Samples" icon="PLAY">
   <assert-service description="Ensure Thingy Sound Service" uuid="ef680500-9b35-4933-9b10-52ffa9740042">
      <assert-characteristic description="Ensure Thingy Sound Configuration Characteristic" uuid="ef680501-9b35-4933-9b10-52ffa9740042">
         <property name="WRITE" requirement="MANDATORY"/>
      </assert-characteristic>
      <assert-characteristic description="Ensure Thingy Speaker Data Characteristic" uuid="ef680502-9b35-4933-9b10-52ffa9740042">
         <property name="WRITE_WITHOUT_RESPONSE" requirement="MANDATORY"/>
      </assert-characteristic>
   </assert-service>
   <write description="Set speaker mode to Sample" characteristic-uuid="ef680501-9b35-4933-9b10-52ffa9740042" service-uuid="ef680500-9b35-4933-9b10-52ffa9740042" value="0301" type="WRITE_REQUEST"/>
   <write description="Play Collect_Point_00" characteristic-uuid="ef680502-9b35-4933-9b10-52ffa9740042" service-uuid="ef680500-9b35-4933-9b10-52ffa9740042" value="00" type="WRITE_COMMAND"/>
   <sleep description="Sleep 500 ms" timeout="500"/>
   <write description="Play Collect_Point_01" characteristic-uuid="ef680502-9b35-4933-9b10-52ffa9740042" service-uuid="ef680500-9b35-4933-9b10-52ffa9740042" value="01" type="WRITE_COMMAND"/>
   <sleep description="Sleep 500 ms" timeout="500"/>
   <write description="Play Explosion_02" characteristic-uuid="ef680502-9b35-4933-9b10-52ffa9740042" service-uuid="ef680500-9b35-4933-9b10-52ffa9740042" value="02" type="WRITE_COMMAND"/>
   <sleep description="Sleep 500 ms" timeout="500"/>
   <write description="Play Explosion_04" characteristic-uuid="ef680502-9b35-4933-9b10-52ffa9740042" service-uuid="ef680500-9b35-4933-9b10-52ffa9740042" value="03" type="WRITE_COMMAND"/>
   <sleep description="Sleep 500 ms" timeout="500"/>
   <write description="Play Hit_00" characteristic-uuid="ef680502-9b35-4933-9b10-52ffa9740042" service-uuid="ef680500-9b35-4933-9b10-52ffa9740042" value="04" type="WRITE_COMMAND"/>
   <sleep description="Sleep 500 ms" timeout="500"/>
   <write description="Play Pickup_01" characteristic-uuid="ef680502-9b35-4933-9b10-52ffa9740042" service-uuid="ef680500-9b35-4933-9b10-52ffa9740042" value="05" type="WRITE_COMMAND"/>
   <sleep description="Sleep 500 ms" timeout="500"/>
   <write description="Play Pickup_03" characteristic-uuid="ef680502-9b35-4933-9b10-52ffa9740042" service-uuid="ef680500-9b35-4933-9b10-52ffa9740042" value="06" type="WRITE_COMMAND"/>
   <sleep description="Sleep 1000 ms" timeout="1000"/>
   <write description="Play Shoot_00" characteristic-uuid="ef680502-9b35-4933-9b10-52ffa9740042" service-uuid="ef680500-9b35-4933-9b10-52ffa9740042" value="07" type="WRITE_COMMAND"/>
   <sleep description="Sleep 500 ms" timeout="500"/>
   <write description="Play Shoot_01" characteristic-uuid="ef680502-9b35-4933-9b10-52ffa9740042" service-uuid="ef680500-9b35-4933-9b10-52ffa9740042" value="08" type="WRITE_COMMAND"/>
   <sleep description="Sleep 500 ms" timeout="500"/>
</macro>